job_title,employment_type,experience_level,salary,remote_ratio,company_size,company_location,continent
Data Scientist,Full-Time,Mid-Level,79833,In-Person,Large,Germany,Europe
Machine Learning Scientist,Full-Time,Senior-Level,260000,In-Person,Small,Japan,Asia
Big Data Engineer,Full-Time,Senior-Level,109024,Hybrid,Medium,United Kingdom,Europe
Product Data Analyst,Full-Time,Mid-Level,20000,In-Person,Small,Honduras,North America
Machine Learning Engineer,Full-Time,Senior-Level,150000,Hybrid,Large,United States of America,North America
Data Analyst,Full-Time,Entry-Level,72000,Full-Remote,Large,United States of America,North America
Lead Data Scientist,Full-Time,Senior-Level,190000,Full-Remote,Small,United States of America,North America
Data Scientist,Full-Time,Mid-Level,35735,Hybrid,Large,Hungary,Europe
Business Data Analyst,Full-Time,Mid-Level,135000,Full-Remote,Large,United States of America,North America
Lead Data Engineer,Full-Time,Senior-Level,125000,Hybrid,Small,New Zealand,Oceania
Data Scientist,Full-Time,Entry-Level,51321,In-Person,Small,France,Europe
Data Scientist,Full-Time,Mid-Level,40481,In-Person,Large,India,Asia
Data Scientist,Full-Time,Entry-Level,39916,In-Person,Medium,France,Europe
Lead Data Analyst,Full-Time,Mid-Level,87000,Full-Remote,Large,United States of America,North America
Data Analyst,Full-Time,Mid-Level,85000,Full-Remote,Large,United States of America,North America
Data Analyst,Full-Time,Mid-Level,8000,Hybrid,Large,Pakistan,Asia
Data Engineer,Full-Time,Entry-Level,41689,Full-Remote,Small,Japan,Asia
Big Data Engineer,Full-Time,Senior-Level,114047,Full-Remote,Small,United Kingdom,Europe
Data Science Consultant,Full-Time,Entry-Level,5707,Hybrid,Medium,India,Asia
Lead Data Engineer,Full-Time,Mid-Level,56000,Full-Remote,Medium,United States of America,North America
Machine Learning Engineer,Full-Time,Mid-Level,43331,In-Person,Medium,China,Asia
Product Data Analyst,Full-Time,Mid-Level,6072,Full-Remote,Large,India,Asia
Data Engineer,Full-Time,Senior-Level,47899,Hybrid,Large,Greece,Europe
BI Data Analyst,Full-Time,Mid-Level,98000,In-Person,Medium,United States of America,North America
Lead Data Scientist,Full-Time,Mid-Level,115000,In-Person,Large,United Arab Emirates,Asia
Director of Data Science,Full-Time,Executive-Level,325000,Full-Remote,Large,United States of America,North America
Research Scientist,Full-Time,Entry-Level,42000,Hybrid,Large,Netherlands,Europe
Data Engineer,Full-Time,Senior-Level,33511,In-Person,Small,Mexico,North America
Business Data Analyst,Contract,Entry-Level,100000,Full-Remote,Large,United States of America,North America
Machine Learning Manager,Full-Time,Senior-Level,117104,Hybrid,Large,Canada,North America
Data Engineering Manager,Full-Time,Mid-Level,59303,Full-Remote,Small,Germany,Europe
Big Data Engineer,Full-Time,Entry-Level,70000,Full-Remote,Large,United States of America,North America
Data Scientist,Full-Time,Senior-Level,68428,Full-Remote,Large,United States of America,North America
Research Scientist,Full-Time,Mid-Level,450000,In-Person,Medium,United States of America,North America
Data Analyst,Full-Time,Mid-Level,46759,Hybrid,Large,France,Europe
Data Engineer,Full-Time,Mid-Level,74130,Hybrid,Large,Austria,Europe
Data Science Consultant,Full-Time,Mid-Level,103000,Full-Remote,Large,United States of America,North America
Machine Learning Engineer,Full-Time,Entry-Level,250000,Hybrid,Large,United States of America,North America
Data Analyst,Full-Time,Entry-Level,10000,Full-Remote,Small,Nigeria,Africa
Machine Learning Engineer,Full-Time,Entry-Level,138000,Full-Remote,Small,United States of America,North America
Data Scientist,Full-Time,Mid-Level,45760,Full-Remote,Small,United States of America,North America
Data Engineering Manager,Full-Time,Executive-Level,79833,Hybrid,Large,Spain,Europe
Machine Learning Infrastructure Engineer,Full-Time,Mid-Level,50180,In-Person,Medium,Portugal,Europe
Data Engineer,Full-Time,Mid-Level,106000,Full-Remote,Large,United States of America,North America
Data Engineer,Full-Time,Mid-Level,112872,Hybrid,Large,United Kingdom,Europe
ML Engineer,Part-Time,Entry-Level,15966,Full-Remote,Small,Germany,Europe
Data Scientist,Full-Time,Mid-Level,76958,Full-Remote,Small,United Kingdom,Europe
Data Engineer,Full-Time,Senior-Level,188000,Full-Remote,Large,United States of America,North America
Data Scientist,Full-Time,Mid-Level,105000,Full-Remote,Large,United States of America,North America
Data Engineer,Full-Time,Mid-Level,70139,Hybrid,Large,France,Europe
Data Analyst,Full-Time,Entry-Level,6072,In-Person,Small,India,Asia
Data Analyst,Full-Time,Entry-Level,91000,Full-Remote,Large,United States of America,North America
AI Scientist,Full-Time,Entry-Level,45896,Hybrid,Small,Denmark,Europe
Data Engineer,Full-Time,Entry-Level,54742,Full-Remote,Large,Germany,Europe
Computer Vision Engineer,Freelance,Senior-Level,60000,Full-Remote,Small,United States of America,North America
Principal Data Scientist,Full-Time,Senior-Level,148261,Full-Remote,Medium,Germany,Europe
Data Scientist,Full-Time,Mid-Level,38776,Full-Remote,Medium,Spain,Europe
Data Scientist,Full-Time,Mid-Level,118000,Full-Remote,Medium,United States of America,North America
Data Scientist,Full-Time,Senior-Level,120000,Hybrid,Large,United States of America,North America
Data Scientist,Full-Time,Mid-Level,138350,Full-Remote,Medium,United States of America,North America
Data Engineer,Full-Time,Mid-Level,110000,Full-Remote,Large,United States of America,North America
Data Engineer,Full-Time,Mid-Level,130800,Full-Remote,Medium,United States of America,North America
Data Scientist,Part-Time,Entry-Level,21669,Hybrid,Small,Italy,Europe
Data Scientist,Full-Time,Senior-Level,412000,Full-Remote,Large,United States of America,North America
Machine Learning Engineer,Full-Time,Senior-Level,45618,Full-Remote,Small,Croatia,Europe
Data Scientist,Full-Time,Entry-Level,62726,Hybrid,Small,Germany,Europe
Data Scientist,Full-Time,Entry-Level,49268,In-Person,Small,Germany,Europe
Data Science Manager,Full-Time,Senior-Level,190200,Full-Remote,Medium,United States of America,North America
Data Scientist,Full-Time,Entry-Level,105000,Full-Remote,Small,United States of America,North America
Data Scientist,Full-Time,Senior-Level,91237,In-Person,Small,Austria,Europe
Data Scientist,Full-Time,Mid-Level,62726,Hybrid,Small,Luxembourg,Europe
Data Scientist,Full-Time,Mid-Level,42197,Hybrid,Small,France,Europe
Research Scientist,Full-Time,Entry-Level,82528,Hybrid,Large,United Kingdom,Europe
BI Data Analyst,Full-Time,Executive-Level,150000,Full-Remote,Large,United States of America,North America
Head of Data,Full-Time,Executive-Level,235000,Full-Remote,Large,United States of America,North America
Data Scientist,Full-Time,Senior-Level,53192,Hybrid,Large,France,Europe
BI Data Analyst,Full-Time,Mid-Level,100000,Full-Remote,Medium,United States of America,North America
3D Computer Vision Researcher,Part-Time,Mid-Level,5409,Hybrid,Medium,India,Asia
ML Engineer,Contract,Mid-Level,270000,Full-Remote,Large,United States of America,North America
Data Analyst,Full-Time,Entry-Level,80000,Full-Remote,Medium,United States of America,North America
Data Analytics Engineer,Full-Time,Senior-Level,79197,Full-Remote,Large,Germany,Europe
Data Engineer,Full-Time,Mid-Level,140000,Full-Remote,Large,United States of America,North America
Applied Data Scientist,Full-Time,Mid-Level,54238,Hybrid,Large,Canada,North America
Machine Learning Engineer,Full-Time,Mid-Level,47282,Full-Remote,Small,Spain,Europe
Director of Data Science,Full-Time,Executive-Level,153667,Full-Remote,Large,Poland,Europe
Data Engineer,Full-Time,Mid-Level,28476,Full-Remote,Large,Poland,Europe
Data Analyst,Full-Time,Entry-Level,59102,Hybrid,Medium,France,Europe
Data Analytics Engineer,Full-Time,Mid-Level,110000,Full-Remote,Large,United States of America,North America
Lead Data Analyst,Full-Time,Senior-Level,170000,Full-Remote,Large,United States of America,North America
Data Analyst,Full-Time,Senior-Level,80000,Full-Remote,Small,United States of America,North America
Marketing Data Analyst,Full-Time,Senior-Level,88654,Full-Remote,Large,Denmark,Europe
Data Science Consultant,Full-Time,Entry-Level,76833,Full-Remote,Small,Germany,Europe
Lead Data Analyst,Full-Time,Mid-Level,19609,Full-Remote,Large,India,Asia
Lead Data Engineer,Full-Time,Senior-Level,276000,In-Person,Large,United States of America,North America
Data Scientist,Full-Time,Entry-Level,29751,Hybrid,Large,India,Asia
Cloud Data Engineer,Full-Time,Mid-Level,89294,Hybrid,Large,Singapore,Asia
AI Scientist,Part-Time,Entry-Level,12000,Full-Remote,Small,United States of America,North America
Financial Data Analyst,Full-Time,Mid-Level,450000,Full-Remote,Large,United States of America,North America
Computer Vision Software Engineer,Full-Time,Entry-Level,70000,Full-Remote,Medium,United States of America,North America
Computer Vision Software Engineer,Full-Time,Mid-Level,95746,Full-Remote,Small,United States of America,North America
Data Analyst,Full-Time,Mid-Level,75000,In-Person,Large,United States of America,North America
Data Engineer,Full-Time,Senior-Level,150000,Full-Remote,Large,United States of America,North America
BI Data Analyst,Full-Time,Mid-Level,36259,Hybrid,Large,United States of America,North America
Data Analyst,Full-Time,Mid-Level,62000,In-Person,Large,United States of America,North America
Data Scientist,Full-Time,Mid-Level,73000,In-Person,Large,United States of America,North America
Data Analyst,Full-Time,Mid-Level,51519,Hybrid,Large,United Kingdom,Europe
Research Scientist,Full-Time,Mid-Level,187442,Full-Remote,Large,Canada,North America
Data Engineer,Full-Time,Senior-Level,115000,Full-Remote,Small,United States of America,North America
Data Engineer,Full-Time,Senior-Level,150000,Full-Remote,Medium,United States of America,North America
Data Engineer,Full-Time,Entry-Level,30428,Full-Remote,Large,India,Asia
Machine Learning Engineer,Full-Time,Senior-Level,94564,Hybrid,Large,Germany,Europe
Director of Data Engineering,Full-Time,Senior-Level,113476,Full-Remote,Medium,United Kingdom,Europe
Lead Data Engineer,Full-Time,Senior-Level,103160,Full-Remote,Small,United Kingdom,Europe
AI Scientist,Part-Time,Entry-Level,12000,Full-Remote,Medium,United States of America,North America
Data Engineer,Full-Time,Mid-Level,45391,Full-Remote,Large,Netherlands,Europe
Machine Learning Scientist,Full-Time,Entry-Level,225000,Full-Remote,Large,United States of America,North America
Data Scientist,Full-Time,Mid-Level,50000,Full-Remote,Large,Nigeria,Africa
Data Science Engineer,Full-Time,Mid-Level,40189,Full-Remote,Medium,Greece,Europe
Data Analyst,Full-Time,Entry-Level,90000,Full-Remote,Small,United States of America,North America
Data Engineer,Full-Time,Mid-Level,200000,Full-Remote,Large,United States of America,North America
Big Data Engineer,Full-Time,Mid-Level,60000,Hybrid,Medium,Romania,Europe
Principal Data Engineer,Full-Time,Senior-Level,200000,Full-Remote,Medium,United States of America,North America
Data Analyst,Full-Time,Entry-Level,50000,Full-Remote,Medium,United States of America,North America
Applied Data Scientist,Full-Time,Entry-Level,110037,In-Person,Large,United Kingdom,Europe
Data Analyst,Part-Time,Entry-Level,10354,Hybrid,Medium,Spain,Europe
Principal Data Scientist,Full-Time,Mid-Level,151000,Full-Remote,Large,United States of America,North America
Machine Learning Scientist,Full-Time,Senior-Level,120000,Hybrid,Small,United States of America,North America
Data Scientist,Full-Time,Mid-Level,9466,In-Person,Small,India,Asia
Machine Learning Engineer,Full-Time,Entry-Level,20000,Full-Remote,Small,India,Asia
Lead Data Scientist,Full-Time,Senior-Level,40570,Hybrid,Large,India,Asia
Machine Learning Developer,Full-Time,Entry-Level,100000,Hybrid,Small,Iraq,Asia
Data Scientist,Full-Time,Entry-Level,49646,Hybrid,Medium,France,Europe
Applied Machine Learning Scientist,Full-Time,Mid-Level,38400,Full-Remote,Medium,United States of America,North America
Computer Vision Engineer,Full-Time,Senior-Level,24000,Full-Remote,Medium,Brazil,South America
Data Scientist,Full-Time,Entry-Level,100000,In-Person,Small,United States of America,North America
Data Analyst,Full-Time,Mid-Level,90000,Full-Remote,Medium,United States of America,North America
ML Engineer,Full-Time,Mid-Level,63711,Hybrid,Small,Japan,Asia
ML Engineer,Full-Time,Mid-Level,77364,Hybrid,Small,Japan,Asia
Principal Data Scientist,Full-Time,Senior-Level,220000,In-Person,Large,United States of America,North America
Data Scientist,Full-Time,Entry-Level,80000,Full-Remote,Medium,United States of America,North America
Data Analyst,Full-Time,Mid-Level,135000,Full-Remote,Large,United States of America,North America
Data Science Manager,Full-Time,Senior-Level,240000,In-Person,Large,United States of America,North America
Data Engineering Manager,Full-Time,Senior-Level,150000,In-Person,Large,United States of America,North America
Data Scientist,Full-Time,Mid-Level,82500,Full-Remote,Small,United States of America,North America
Data Engineer,Full-Time,Mid-Level,100000,Full-Remote,Large,United States of America,North America
Machine Learning Engineer,Full-Time,Senior-Level,82744,Hybrid,Medium,Belgium,Europe
Research Scientist,Full-Time,Mid-Level,62649,Hybrid,Medium,France,Europe
Data Engineer,Full-Time,Mid-Level,90000,Full-Remote,Large,United States of America,North America
Data Engineering Manager,Full-Time,Senior-Level,153000,Full-Remote,Large,United States of America,North America
Cloud Data Engineer,Full-Time,Senior-Level,160000,Full-Remote,Small,United States of America,North America
Director of Data Science,Full-Time,Senior-Level,168000,In-Person,Small,Japan,Asia
Data Scientist,Full-Time,Mid-Level,150000,Full-Remote,Medium,United States of America,North America
Data Scientist,Full-Time,Mid-Level,75774,Full-Remote,Large,Canada,North America
Data Scientist,Full-Time,Entry-Level,13400,Full-Remote,Large,Ukraine,Europe
Data Science Manager,Full-Time,Senior-Level,144000,Full-Remote,Large,United States of America,North America
Data Science Engineer,Full-Time,Senior-Level,127221,Hybrid,Large,Canada,North America
Data Scientist,Full-Time,Mid-Level,119059,Full-Remote,Medium,Israel,Asia
Applied Machine Learning Scientist,Full-Time,Mid-Level,423000,Hybrid,Large,United States of America,North America
Data Analytics Manager,Full-Time,Senior-Level,120000,Full-Remote,Medium,United States of America,North America
Machine Learning Engineer,Full-Time,Entry-Level,125000,Full-Remote,Small,United States of America,North America
Head of Data,Full-Time,Executive-Level,230000,Hybrid,Large,Russia,Europe
Head of Data Science,Full-Time,Executive-Level,85000,In-Person,Medium,Russia,Europe
Data Engineer,Full-Time,Mid-Level,28369,Hybrid,Large,Malta,Europe
Data Science Consultant,Full-Time,Entry-Level,63831,Hybrid,Large,Germany,Europe
Director of Data Science,Full-Time,Executive-Level,130026,Hybrid,Medium,Germany,Europe
Data Specialist,Full-Time,Senior-Level,165000,Full-Remote,Large,United States of America,North America
Data Engineer,Full-Time,Entry-Level,80000,Full-Remote,Large,United States of America,North America
Director of Data Science,Full-Time,Executive-Level,250000,In-Person,Large,United States of America,North America
BI Data Analyst,Full-Time,Entry-Level,55000,Hybrid,Small,United States of America,North America
Data Architect,Full-Time,Mid-Level,150000,Full-Remote,Large,United States of America,North America
Data Architect,Full-Time,Mid-Level,170000,Full-Remote,Large,United States of America,North America
Data Engineer,Full-Time,Mid-Level,82528,Full-Remote,Large,United Kingdom,Europe
Data Analyst,Full-Time,Entry-Level,60000,Full-Remote,Small,United States of America,North America
Principal Data Scientist,Full-Time,Senior-Level,235000,Full-Remote,Large,United States of America,North America
Research Scientist,Full-Time,Senior-Level,60757,Hybrid,Large,Portugal,Europe
Data Engineering Manager,Full-Time,Senior-Level,174000,Full-Remote,Large,United States of America,North America
Data Scientist,Full-Time,Mid-Level,2859,In-Person,Small,Mexico,North America
Data Scientist,Full-Time,Mid-Level,40038,Full-Remote,Large,Chile,South America
Machine Learning Engineer,Full-Time,Entry-Level,81000,Hybrid,Small,United States of America,North America
Data Scientist,Full-Time,Mid-Level,5679,Full-Remote,Small,United States of America,North America
Big Data Engineer,Full-Time,Mid-Level,22611,In-Person,Large,India,Asia
Data Scientist,Full-Time,Mid-Level,90734,Hybrid,Large,Germany,Europe
Data Engineer,Full-Time,Mid-Level,26005,In-Person,Large,United States of America,North America
Finance Data Analyst,Full-Time,Senior-Level,61896,Hybrid,Large,United Kingdom,Europe
Machine Learning Scientist,Freelance,Mid-Level,12000,Hybrid,Medium,Pakistan,Asia
Data Engineer,Full-Time,Mid-Level,4000,Full-Remote,Medium,Iran,Asia
Data Analytics Engineer,Full-Time,Senior-Level,50000,Full-Remote,Medium,United Kingdom,Europe
Data Science Consultant,Full-Time,Executive-Level,69741,Full-Remote,Small,Spain,Europe
Data Engineer,Full-Time,Senior-Level,76833,Hybrid,Small,United Kingdom,Europe
Machine Learning Engineer,Full-Time,Mid-Level,74000,Hybrid,Small,Japan,Asia
Data Science Manager,Full-Time,Senior-Level,152000,Full-Remote,Large,France,Europe
Machine Learning Engineer,Full-Time,Entry-Level,21844,Hybrid,Medium,Colombia,South America
Big Data Engineer,Full-Time,Mid-Level,18000,In-Person,Small,Moldova,Europe
Data Science Manager,Full-Time,Senior-Level,174000,Full-Remote,Large,United States of America,North America
Research Scientist,Full-Time,Senior-Level,96113,Hybrid,Large,Canada,North America
Data Scientist,Full-Time,Mid-Level,147000,Hybrid,Large,United States of America,North America
BI Data Analyst,Full-Time,Entry-Level,9272,Full-Remote,Small,Kenya,Africa
Machine Learning Engineer,Full-Time,Senior-Level,24342,Full-Remote,Large,India,Asia
Data Science Manager,Full-Time,Senior-Level,54094,Hybrid,Large,United States of America,North America
Data Science Consultant,Full-Time,Entry-Level,90000,Full-Remote,Small,United States of America,North America
Data Scientist,Full-Time,Mid-Level,61467,Hybrid,Medium,Austria,Europe
Machine Learning Infrastructure Engineer,Full-Time,Senior-Level,195000,Full-Remote,Medium,United States of America,North America
Data Scientist,Full-Time,Mid-Level,37825,Full-Remote,Large,Spain,Europe
Research Scientist,Full-Time,Senior-Level,50000,Full-Remote,Small,United States of America,North America
Data Scientist,Full-Time,Mid-Level,160000,Full-Remote,Large,United States of America,North America
Data Scientist,Full-Time,Mid-Level,12901,In-Person,Small,Brazil,South America
Machine Learning Engineer,Full-Time,Senior-Level,200000,Full-Remote,Large,United States of America,North America
Data Engineer,Full-Time,Senior-Level,165000,In-Person,Medium,United States of America,North America
Data Engineer,Freelance,Mid-Level,20000,In-Person,Large,United States of America,North America
Data Analytics Manager,Full-Time,Senior-Level,120000,In-Person,Large,United States of America,North America
Machine Learning Engineer,Full-Time,Mid-Level,24823,Hybrid,Large,Slovenia,Europe
Research Scientist,Full-Time,Mid-Level,56738,Hybrid,Small,France,Europe
Data Engineer,Full-Time,Mid-Level,66022,Hybrid,Small,United Kingdom,Europe
Big Data Engineer,Full-Time,Entry-Level,5882,In-Person,Large,Switzerland,Europe
Machine Learning Engineer,Full-Time,Entry-Level,24823,Hybrid,Medium,Germany,Europe
Principal Data Engineer,Full-Time,Senior-Level,185000,Full-Remote,Large,United States of America,North America
Computer Vision Engineer,Part-Time,Entry-Level,28609,Hybrid,Small,Denmark,Europe
Data Scientist,Full-Time,Mid-Level,90734,Hybrid,Large,Germany,Europe
Machine Learning Engineer,Full-Time,Mid-Level,88654,Full-Remote,Medium,Belgium,Europe
Data Analytics Manager,Full-Time,Senior-Level,140000,Full-Remote,Large,United States of America,North America
Machine Learning Engineer,Full-Time,Mid-Level,46597,Full-Remote,Large,Poland,Europe
Data Scientist,Full-Time,Mid-Level,116914,Hybrid,Large,United Kingdom,Europe
Data Scientist,Full-Time,Mid-Level,33808,In-Person,Medium,India,Asia
Data Scientist,Full-Time,Mid-Level,56256,Hybrid,Large,United Kingdom,Europe
Machine Learning Scientist,Full-Time,Senior-Level,225000,Full-Remote,Large,Canada,North America
Principal Data Scientist,Contract,Executive-Level,416000,Full-Remote,Small,United States of America,North America
Data Scientist,Full-Time,Senior-Level,87738,Full-Remote,Small,Canada,North America
Data Scientist,Full-Time,Mid-Level,88654,Hybrid,Large,Germany,Europe
Data Scientist,Full-Time,Senior-Level,135000,In-Person,Large,United States of America,North America
Data Analyst,Full-Time,Senior-Level,71786,Full-Remote,Medium,Canada,North America
Big Data Engineer,Full-Time,Entry-Level,16228,Full-Remote,Large,India,Asia
ML Engineer,Full-Time,Senior-Level,256000,Full-Remote,Small,United States of America,North America
Director of Data Engineering,Full-Time,Senior-Level,200000,Full-Remote,Large,United States of America,North America
Data Analyst,Full-Time,Senior-Level,200000,Full-Remote,Large,United States of America,North America
Data Architect,Full-Time,Mid-Level,180000,Full-Remote,Large,United States of America,North America
Head of Data Science,Full-Time,Mid-Level,110000,In-Person,Small,United States of America,North America
Research Scientist,Full-Time,Mid-Level,63810,Full-Remote,Medium,Canada,North America
Data Scientist,Full-Time,Mid-Level,46809,Full-Remote,Medium,Spain,Europe
Data Scientist,Full-Time,Entry-Level,4000,In-Person,Medium,Vietnam,Asia
Data Engineer,Full-Time,Entry-Level,21637,Hybrid,Medium,India,Asia
Data Scientist,Full-Time,Senior-Level,103691,Full-Remote,Large,Canada,North America
Data Analyst,Full-Time,Mid-Level,80000,Full-Remote,Large,United States of America,North America
Data Engineer,Full-Time,Mid-Level,110000,Full-Remote,Large,United States of America,North America
Data Scientist,Full-Time,Senior-Level,165000,Full-Remote,Large,United States of America,North America
AI Scientist,Full-Time,Entry-Level,18053,Full-Remote,Small,American Samoa,Oceania
Data Engineer,Full-Time,Mid-Level,72212,Hybrid,Large,United Kingdom,Europe
Data Scientist,Full-Time,Entry-Level,36643,Hybrid,Large,France,Europe
Data Engineer,Full-Time,Mid-Level,12103,In-Person,Medium,Turkey,Asia
Data Engineer,Full-Time,Senior-Level,96282,Hybrid,Large,United Kingdom,Europe
Principal Data Analyst,Full-Time,Senior-Level,170000,Full-Remote,Medium,United States of America,North America
Data Scientist,Full-Time,Mid-Level,115000,Hybrid,Large,United States of America,North America
Data Scientist,Full-Time,Entry-Level,90000,Full-Remote,Small,United States of America,North America
Principal Data Engineer,Full-Time,Executive-Level,600000,Full-Remote,Large,United States of America,North America
Data Scientist,Full-Time,Entry-Level,28399,Full-Remote,Medium,India,Asia
Data Analyst,Full-Time,Mid-Level,93000,Full-Remote,Large,United States of America,North America
Big Data Architect,Full-Time,Senior-Level,99703,Hybrid,Medium,Canada,North America
Data Engineer,Full-Time,Mid-Level,200000,Full-Remote,Large,United States of America,North America
Principal Data Scientist,Full-Time,Senior-Level,173762,Full-Remote,Medium,Germany,Europe
Machine Learning Engineer,Full-Time,Senior-Level,185000,Hybrid,Large,United States of America,North America
Director of Data Science,Full-Time,Executive-Level,141846,In-Person,Large,Germany,Europe
Data Scientist,Full-Time,Mid-Level,130000,Hybrid,Large,United States of America,North America
Data Analyst,Full-Time,Senior-Level,63831,Hybrid,Large,Germany,Europe
Data Scientist,Full-Time,Mid-Level,16904,Full-Remote,Small,India,Asia
Machine Learning Engineer,Full-Time,Senior-Level,66265,In-Person,Large,India,Asia
Data Scientist,Full-Time,Mid-Level,25532,Full-Remote,Small,Germany,Europe
Lead Data Engineer,Full-Time,Senior-Level,160000,Hybrid,Small,United States of America,North America
Data Engineer,Full-Time,Mid-Level,93150,In-Person,Medium,United States of America,North America
Data Engineer,Full-Time,Mid-Level,111775,In-Person,Medium,United States of America,North America
Data Engineer,Full-Time,Mid-Level,28016,Full-Remote,Medium,Turkey,Asia
Data Engineer,Full-Time,Entry-Level,65013,Hybrid,Medium,Germany,Europe
Data Engineer,Full-Time,Entry-Level,72500,Full-Remote,Large,United States of America,North America
Computer Vision Engineer,Full-Time,Senior-Level,18907,In-Person,Medium,Brazil,South America
Data Science Consultant,Full-Time,Entry-Level,76833,In-Person,Large,Germany,Europe
Machine Learning Engineer,Full-Time,Entry-Level,85000,Full-Remote,Small,Germany,Europe
Data Scientist,Full-Time,Senior-Level,77684,Hybrid,Medium,France,Europe
Data Scientist,Full-Time,Entry-Level,100000,Full-Remote,Medium,United States of America,North America
Data Scientist,Full-Time,Entry-Level,58000,Hybrid,Large,United States of America,North America
AI Scientist,Full-Time,Senior-Level,55000,Full-Remote,Large,Spain,Europe
Data Scientist,Full-Time,Senior-Level,20171,Hybrid,Large,Turkey,Asia
Business Data Analyst,Full-Time,Entry-Level,59102,Full-Remote,Large,Luxembourg,Europe
Data Engineer,Full-Time,Mid-Level,112000,Full-Remote,Large,United States of America,North America
Research Scientist,Full-Time,Entry-Level,100000,In-Person,Large,China,Asia
Data Engineer,Part-Time,Mid-Level,69741,Full-Remote,Large,Netherlands,Europe
Staff Data Scientist,Contract,Senior-Level,105000,Full-Remote,Medium,United States of America,North America
Research Scientist,Full-Time,Mid-Level,69999,Hybrid,Large,Czech Republic,Europe
Data Science Manager,Full-Time,Senior-Level,94665,Hybrid,Large,India,Asia
Head of Data,Full-Time,Senior-Level,102839,Full-Remote,Large,Slovenia,Europe
Data Scientist,Full-Time,Mid-Level,109000,Hybrid,Large,United States of America,North America
Machine Learning Engineer,Full-Time,Mid-Level,51064,Hybrid,Large,Italy,Europe
Data Engineer,Full-Time,Senior-Level,135000,Full-Remote,Medium,United States of America,North America
Data Analyst,Full-Time,Senior-Level,155000,Full-Remote,Medium,United States of America,North America
Data Analyst,Full-Time,Senior-Level,120600,Full-Remote,Medium,United States of America,North America
Data Scientist,Full-Time,Mid-Level,130000,In-Person,Medium,United States of America,North America
Data Scientist,Full-Time,Mid-Level,90000,In-Person,Medium,United States of America,North America
Data Engineer,Full-Time,Mid-Level,170000,Full-Remote,Medium,United States of America,North America
Data Engineer,Full-Time,Mid-Level,150000,Full-Remote,Medium,United States of America,North America
Data Analyst,Full-Time,Senior-Level,102100,Full-Remote,Medium,United States of America,North America
Data Analyst,Full-Time,Senior-Level,84900,Full-Remote,Medium,United States of America,North America
Data Scientist,Full-Time,Senior-Level,136620,Full-Remote,Medium,United States of America,North America
Data Scientist,Full-Time,Senior-Level,99360,Full-Remote,Medium,United States of America,North America
Data Scientist,Full-Time,Senior-Level,117789,In-Person,Medium,United Kingdom,Europe
Data Scientist,Full-Time,Senior-Level,104702,In-Person,Medium,United Kingdom,Europe
Data Scientist,Full-Time,Senior-Level,146000,Full-Remote,Medium,United States of America,North America
Data Scientist,Full-Time,Senior-Level,123000,Full-Remote,Medium,United States of America,North America
Data Engineer,Full-Time,Entry-Level,52351,Full-Remote,Medium,United Kingdom,Europe
Data Analyst,Full-Time,Senior-Level,99000,In-Person,Medium,United States of America,North America
Data Analyst,Full-Time,Senior-Level,116000,In-Person,Medium,United States of America,North America
Data Analyst,Full-Time,Mid-Level,106260,In-Person,Medium,United States of America,North America
Data Analyst,Full-Time,Mid-Level,126500,In-Person,Medium,United States of America,North America
Data Engineer,Full-Time,Executive-Level,242000,Full-Remote,Medium,United States of America,North America
Data Engineer,Full-Time,Executive-Level,200000,Full-Remote,Medium,United States of America,North America
Data Scientist,Full-Time,Mid-Level,65438,In-Person,Medium,United Kingdom,Europe
Data Scientist,Full-Time,Mid-Level,39263,In-Person,Medium,United Kingdom,Europe
Data Engineer,Full-Time,Mid-Level,78526,In-Person,Medium,United Kingdom,Europe
Data Engineer,Full-Time,Mid-Level,52351,In-Person,Medium,United Kingdom,Europe
Data Scientist,Full-Time,Senior-Level,165220,Full-Remote,Medium,United States of America,North America
Data Engineer,Full-Time,Entry-Level,45807,Full-Remote,Medium,United Kingdom,Europe
Data Scientist,Full-Time,Senior-Level,120160,Full-Remote,Medium,United States of America,North America
Data Analyst,Full-Time,Senior-Level,90320,Full-Remote,Medium,United States of America,North America
Data Engineer,Full-Time,Senior-Level,181940,In-Person,Medium,United States of America,North America
Data Engineer,Full-Time,Senior-Level,132320,In-Person,Medium,United States of America,North America
Data Engineer,Full-Time,Senior-Level,220110,In-Person,Medium,United States of America,North America
Data Engineer,Full-Time,Senior-Level,160080,In-Person,Medium,United States of America,North America
Data Scientist,Full-Time,Senior-Level,180000,In-Person,Large,United States of America,North America
Data Scientist,Full-Time,Senior-Level,120000,In-Person,Large,United States of America,North America
Data Analyst,Full-Time,Senior-Level,124190,Full-Remote,Medium,United States of America,North America
Data Analyst,Full-Time,Executive-Level,130000,Full-Remote,Medium,United States of America,North America
Data Analyst,Full-Time,Executive-Level,110000,Full-Remote,Medium,United States of America,North America
Data Analyst,Full-Time,Senior-Level,170000,Full-Remote,Medium,United States of America,North America
Data Analyst,Full-Time,Mid-Level,115500,Full-Remote,Medium,United States of America,North America
Data Analyst,Full-Time,Senior-Level,112900,Full-Remote,Medium,United States of America,North America
Data Analyst,Full-Time,Senior-Level,90320,Full-Remote,Medium,United States of America,North America
Data Analyst,Full-Time,Senior-Level,112900,Full-Remote,Medium,United States of America,North America
Data Analyst,Full-Time,Senior-Level,90320,Full-Remote,Medium,United States of America,North America
Data Engineer,Full-Time,Senior-Level,165400,Full-Remote,Medium,United States of America,North America
Data Engineer,Full-Time,Senior-Level,132320,Full-Remote,Medium,United States of America,North America
Data Analyst,Full-Time,Mid-Level,167000,Full-Remote,Medium,United States of America,North America
Data Engineer,Full-Time,Senior-Level,243900,Full-Remote,Medium,United States of America,North America
Data Analyst,Full-Time,Senior-Level,136600,Full-Remote,Medium,United States of America,North America
Data Analyst,Full-Time,Senior-Level,109280,Full-Remote,Medium,United States of America,North America
Data Engineer,Full-Time,Senior-Level,128875,Full-Remote,Medium,United States of America,North America
Data Engineer,Full-Time,Senior-Level,93700,Full-Remote,Medium,United States of America,North America
Head of Data Science,Full-Time,Executive-Level,224000,Full-Remote,Medium,United States of America,North America
Head of Data Science,Full-Time,Executive-Level,167875,Full-Remote,Medium,United States of America,North America
Analytics Engineer,Full-Time,Executive-Level,175000,Full-Remote,Medium,United States of America,North America
Data Engineer,Full-Time,Senior-Level,156600,Full-Remote,Medium,United States of America,North America
Data Engineer,Full-Time,Senior-Level,108800,In-Person,Medium,United States of America,North America
Data Scientist,Full-Time,Senior-Level,95550,In-Person,Medium,United States of America,North America
Data Engineer,Full-Time,Senior-Level,113000,In-Person,Large,United States of America,North America
Data Analyst,Full-Time,Senior-Level,135000,Full-Remote,Medium,United States of America,North America
Data Science Manager,Full-Time,Senior-Level,161342,Full-Remote,Medium,United States of America,North America
Data Science Manager,Full-Time,Senior-Level,137141,Full-Remote,Medium,United States of America,North America
Data Scientist,Full-Time,Senior-Level,167000,Full-Remote,Medium,United States of America,North America
Data Scientist,Full-Time,Senior-Level,123000,Full-Remote,Medium,United States of America,North America
Data Engineer,Full-Time,Senior-Level,78526,In-Person,Medium,United Kingdom,Europe
Data Engineer,Full-Time,Senior-Level,65438,In-Person,Medium,United Kingdom,Europe
Data Scientist,Full-Time,Senior-Level,150000,In-Person,Medium,United States of America,North America
Data Scientist,Full-Time,Senior-Level,211500,Full-Remote,Medium,United States of America,North America
Data Architect,Full-Time,Senior-Level,192400,Full-Remote,Medium,Canada,North America
Data Architect,Full-Time,Senior-Level,90700,Full-Remote,Medium,Canada,North America
Data Analyst,Full-Time,Senior-Level,130000,Full-Remote,Medium,Canada,North America
Data Analyst,Full-Time,Senior-Level,61300,Full-Remote,Medium,Canada,North America
Data Analyst,Full-Time,Senior-Level,130000,Full-Remote,Medium,Canada,North America
Data Analyst,Full-Time,Senior-Level,61300,Full-Remote,Medium,Canada,North America
Data Engineer,Full-Time,Senior-Level,160000,In-Person,Large,United States of America,North America
Data Scientist,Full-Time,Senior-Level,138600,Full-Remote,Medium,United States of America,North America
Data Engineer,Full-Time,Senior-Level,136000,In-Person,Medium,United States of America,North America
Data Analyst,Full-Time,Mid-Level,58000,In-Person,Small,United States of America,North America
Analytics Engineer,Full-Time,Executive-Level,135000,Full-Remote,Medium,United States of America,North America
Data Scientist,Full-Time,Senior-Level,170000,Full-Remote,Medium,United States of America,North America
Data Scientist,Full-Time,Senior-Level,123000,Full-Remote,Medium,United States of America,North America
Machine Learning Engineer,Full-Time,Senior-Level,189650,In-Person,Medium,United States of America,North America
Machine Learning Engineer,Full-Time,Senior-Level,164996,In-Person,Medium,United States of America,North America
ETL Developer,Full-Time,Mid-Level,54957,In-Person,Medium,Greece,Europe
ETL Developer,Full-Time,Mid-Level,54957,In-Person,Medium,Greece,Europe
Lead Data Engineer,Full-Time,Executive-Level,118187,Full-Remote,Small,Canada,North America
Data Analyst,Full-Time,Senior-Level,132000,In-Person,Medium,United States of America,North America
Data Engineer,Full-Time,Senior-Level,165400,Full-Remote,Medium,United States of America,North America
Data Architect,Full-Time,Senior-Level,208775,Full-Remote,Medium,United States of America,North America
Data Architect,Full-Time,Senior-Level,147800,Full-Remote,Medium,United States of America,North America
Data Engineer,Full-Time,Senior-Level,136994,Full-Remote,Medium,United States of America,North America
Data Engineer,Full-Time,Senior-Level,101570,Full-Remote,Medium,United States of America,North America
Data Analyst,Full-Time,Senior-Level,128875,Full-Remote,Medium,United States of America,North America
Data Analyst,Full-Time,Senior-Level,93700,Full-Remote,Medium,United States of America,North America
Head of Machine Learning,Full-Time,Executive-Level,79039,Hybrid,Large,India,Asia
Data Engineer,Full-Time,Senior-Level,132320,Full-Remote,Medium,United States of America,North America
Machine Learning Engineer,Full-Time,Entry-Level,37300,Full-Remote,Large,United Kingdom,Europe
Data Analyst,Full-Time,Senior-Level,164000,In-Person,Medium,United States of America,North America
Data Engineer,Full-Time,Senior-Level,155000,Full-Remote,Medium,United States of America,North America
Machine Learning Engineer,Full-Time,Mid-Level,124333,In-Person,Medium,United Kingdom,Europe
Machine Learning Engineer,Full-Time,Mid-Level,98158,In-Person,Medium,United Kingdom,Europe
AI Scientist,Full-Time,Mid-Level,120000,In-Person,Medium,United States of America,North America
Data Analyst,Full-Time,Senior-Level,112900,Full-Remote,Medium,United States of America,North America
Data Analyst,Full-Time,Senior-Level,90320,Full-Remote,Medium,United States of America,North America
Data Analytics Manager,Full-Time,Senior-Level,145000,Full-Remote,Medium,United States of America,North America
Data Analytics Manager,Full-Time,Senior-Level,105400,Full-Remote,Medium,United States of America,North America
Machine Learning Engineer,Full-Time,Mid-Level,87932,Full-Remote,Medium,Germany,Europe
Data Engineer,Full-Time,Mid-Level,117789,In-Person,Medium,United Kingdom,Europe
Data Scientist,Full-Time,Senior-Level,215300,Full-Remote,Large,United States of America,North America
Data Scientist,Full-Time,Senior-Level,158200,Full-Remote,Large,United States of America,North America
Data Engineer,Full-Time,Senior-Level,209100,Full-Remote,Large,United States of America,North America
Data Engineer,Full-Time,Senior-Level,154600,Full-Remote,Large,United States of America,North America
Data Analyst,Full-Time,Senior-Level,115934,In-Person,Medium,United States of America,North America
Data Analyst,Full-Time,Senior-Level,81666,In-Person,Medium,United States of America,North America
Data Engineer,Full-Time,Senior-Level,175000,Full-Remote,Medium,United States of America,North America
Data Engineer,Full-Time,Mid-Level,98158,In-Person,Medium,United Kingdom,Europe
Data Analyst,Full-Time,Mid-Level,58000,In-Person,Small,United States of America,North America
Data Engineer,Full-Time,Senior-Level,183600,Full-Remote,Large,United States of America,North America
Data Analyst,Full-Time,Mid-Level,52351,Full-Remote,Medium,United Kingdom,Europe
Data Scientist,Full-Time,Senior-Level,180000,Full-Remote,Medium,United States of America,North America
Data Scientist,Full-Time,Mid-Level,71982,In-Person,Medium,United Kingdom,Europe
Data Scientist,Full-Time,Mid-Level,45807,In-Person,Medium,United Kingdom,Europe
Data Engineer,Full-Time,Mid-Level,65949,Full-Remote,Medium,Greece,Europe
Data Engineer,Full-Time,Mid-Level,49461,Full-Remote,Medium,Greece,Europe
Data Engineer,Full-Time,Mid-Level,78526,Full-Remote,Medium,United Kingdom,Europe
Data Engineer,Full-Time,Mid-Level,58894,Full-Remote,Medium,United Kingdom,Europe
Data Scientist,Full-Time,Senior-Level,260000,Full-Remote,Medium,United States of America,North America
Data Science Engineer,Full-Time,Senior-Level,60000,Full-Remote,Large,Mexico,North America
Data Engineer,Full-Time,Mid-Level,63900,In-Person,Medium,United States of America,North America
Machine Learning Scientist,Full-Time,Mid-Level,160000,Full-Remote,Large,United States of America,North America
Machine Learning Scientist,Full-Time,Mid-Level,112300,Full-Remote,Large,United States of America,North America
Data Science Manager,Full-Time,Mid-Level,241000,Full-Remote,Medium,United States of America,North America
Data Science Manager,Full-Time,Mid-Level,159000,Full-Remote,Medium,United States of America,North America
Data Scientist,Full-Time,Senior-Level,180000,In-Person,Medium,United States of America,North America
Data Scientist,Full-Time,Senior-Level,80000,In-Person,Medium,United States of America,North America
Data Engineer,Full-Time,Mid-Level,82900,In-Person,Medium,United States of America,North America
Data Engineer,Full-Time,Senior-Level,100800,Full-Remote,Large,United States of America,North America
Data Engineer,Full-Time,Mid-Level,49461,Full-Remote,Medium,Spain,Europe
Data Scientist,Full-Time,Senior-Level,140400,In-Person,Large,United States of America,North America
Data Analyst,Full-Time,Mid-Level,39263,Full-Remote,Medium,United Kingdom,Europe
Data Analyst,Full-Time,Mid-Level,43966,Full-Remote,Medium,Spain,Europe
Data Analyst,Full-Time,Mid-Level,32974,Full-Remote,Medium,Spain,Europe
Data Engineer,Full-Time,Mid-Level,87932,Full-Remote,Medium,Spain,Europe
Data Engineer,Full-Time,Mid-Level,76940,Full-Remote,Medium,Spain,Europe
Data Engineer,Full-Time,Mid-Level,104702,Full-Remote,Medium,United Kingdom,Europe
Data Engineer,Full-Time,Mid-Level,91614,Full-Remote,Medium,United Kingdom,Europe
Data Engineer,Full-Time,Mid-Level,65949,Full-Remote,Medium,Spain,Europe
Data Engineer,Full-Time,Mid-Level,87932,Full-Remote,Medium,Greece,Europe
Machine Learning Engineer,Full-Time,Senior-Level,189650,In-Person,Medium,United States of America,North America
Machine Learning Engineer,Full-Time,Senior-Level,164996,In-Person,Medium,United States of America,North America
Data Analyst,Full-Time,Mid-Level,43966,Full-Remote,Medium,Greece,Europe
Data Analyst,Full-Time,Mid-Level,32974,Full-Remote,Medium,Greece,Europe
Data Engineer,Full-Time,Mid-Level,98158,Full-Remote,Medium,United Kingdom,Europe
Data Engineer,Full-Time,Mid-Level,78526,Full-Remote,Medium,United Kingdom,Europe
Data Scientist,Full-Time,Senior-Level,215300,In-Person,Large,United States of America,North America
Data Engineer,Full-Time,Mid-Level,76940,Full-Remote,Medium,Greece,Europe
Data Engineer,Full-Time,Senior-Level,209100,Full-Remote,Large,United States of America,North America
Data Engineer,Full-Time,Senior-Level,154600,Full-Remote,Large,United States of America,North America
Data Engineer,Full-Time,Senior-Level,180000,Full-Remote,Medium,United States of America,North America
ML Engineer,Full-Time,Entry-Level,21983,Full-Remote,Large,Portugal,Europe
Data Engineer,Full-Time,Senior-Level,80000,Full-Remote,Medium,United States of America,North America
Machine Learning Developer,Full-Time,Mid-Level,78791,Full-Remote,Medium,Canada,North America
Director of Data Science,Full-Time,Executive-Level,196979,Hybrid,Large,Canada,North America
Machine Learning Engineer,Full-Time,Mid-Level,120000,Full-Remote,Small,United States of America,North America
Computer Vision Engineer,Full-Time,Entry-Level,125000,In-Person,Medium,United States of America,North America
NLP Engineer,Full-Time,Mid-Level,37236,Hybrid,Large,United States of America,North America
Data Engineer,Full-Time,Senior-Level,105000,Full-Remote,Medium,United States of America,North America
Lead Machine Learning Engineer,Full-Time,Senior-Level,87932,In-Person,Medium,Germany,Europe
Business Data Analyst,Full-Time,Mid-Level,18442,Full-Remote,Medium,India,Asia
Data Scientist,Full-Time,Mid-Level,31615,Full-Remote,Large,India,Asia
Machine Learning Infrastructure Engineer,Full-Time,Mid-Level,58255,Hybrid,Large,Portugal,Europe
Financial Data Analyst,Full-Time,Entry-Level,100000,Hybrid,Large,United States of America,North America
Data Engineer,Part-Time,Mid-Level,54957,Hybrid,Large,Germany,Europe
Data Scientist,Full-Time,Entry-Level,18442,Full-Remote,Medium,India,Asia
Principal Data Scientist,Full-Time,Senior-Level,162674,Full-Remote,Medium,Germany,Europe
Data Engineer,Full-Time,Entry-Level,120000,Full-Remote,Medium,United States of America,North America
Research Scientist,Full-Time,Senior-Level,144000,Hybrid,Large,United States of America,North America
Data Scientist,Full-Time,Senior-Level,104890,Full-Remote,Medium,United States of America,North America
Data Engineer,Full-Time,Senior-Level,100000,Full-Remote,Medium,United States of America,North America
Data Scientist,Full-Time,Senior-Level,140000,Full-Remote,Medium,United States of America,North America
Data Analyst,Full-Time,Mid-Level,135000,Full-Remote,Medium,United States of America,North America
Data Analyst,Full-Time,Mid-Level,50000,Full-Remote,Medium,United States of America,North America
Data Scientist,Full-Time,Senior-Level,220000,Full-Remote,Medium,United States of America,North America
Data Scientist,Full-Time,Senior-Level,140000,Full-Remote,Medium,United States of America,North America
Data Scientist,Full-Time,Mid-Level,183228,In-Person,Medium,United Kingdom,Europe
Data Scientist,Full-Time,Mid-Level,91614,In-Person,Medium,United Kingdom,Europe
Data Scientist,Full-Time,Senior-Level,185100,Full-Remote,Medium,United States of America,North America
Machine Learning Engineer,Full-Time,Senior-Level,220000,Full-Remote,Medium,United States of America,North America
Data Scientist,Full-Time,Mid-Level,200000,Full-Remote,Medium,United States of America,North America
Data Scientist,Full-Time,Mid-Level,120000,Full-Remote,Medium,United States of America,North America
Machine Learning Engineer,Full-Time,Senior-Level,120000,Full-Remote,Small,United Arab Emirates,Asia
Machine Learning Engineer,Full-Time,Senior-Level,65000,Full-Remote,Small,United Arab Emirates,Asia
Data Engineer,Full-Time,Executive-Level,324000,Full-Remote,Medium,United States of America,North America
Data Engineer,Full-Time,Executive-Level,216000,Full-Remote,Medium,United States of America,North America
Data Engineer,Full-Time,Senior-Level,210000,Full-Remote,Medium,United States of America,North America
Machine Learning Engineer,Full-Time,Senior-Level,120000,Full-Remote,Medium,United States of America,North America
Data Scientist,Full-Time,Senior-Level,230000,Full-Remote,Medium,United States of America,North America
Data Scientist,Part-Time,Entry-Level,100000,Hybrid,Medium,Algeria,Africa
Data Scientist,Freelance,Mid-Level,100000,Full-Remote,Medium,United States of America,North America
Applied Machine Learning Scientist,Contract,Entry-Level,31875,Full-Remote,Medium,Czech Republic,Europe
Head of Data,Full-Time,Senior-Level,200000,Full-Remote,Medium,United States of America,North America
Principal Data Analyst,Full-Time,Mid-Level,75000,Full-Remote,Small,Canada,North America
Data Scientist,Full-Time,Mid-Level,35590,Full-Remote,Large,Poland,Europe
Machine Learning Developer,Full-Time,Senior-Level,78791,Full-Remote,Medium,Canada,North America
Data Scientist,Full-Time,Senior-Level,100000,Full-Remote,Medium,United States of America,North America
Machine Learning Scientist,Full-Time,Mid-Level,153000,Hybrid,Medium,United States of America,North America
Data Engineer,Full-Time,Entry-Level,58035,Full-Remote,Medium,Germany,Europe
Data Scientist,Full-Time,Senior-Level,165000,Full-Remote,Medium,United States of America,North America
Research Scientist,Full-Time,Senior-Level,93427,Hybrid,Large,France,Europe
Data Scientist,Full-Time,Entry-Level,52396,Full-Remote,Large,Canada,North America
Machine Learning Engineer,Full-Time,Senior-Level,62651,Full-Remote,Large,Netherlands,Europe
Head of Data,Full-Time,Mid-Level,32974,Full-Remote,Small,Estonia,Europe
Data Scientist,Full-Time,Entry-Level,40000,Full-Remote,Large,Malaysia,Asia
Machine Learning Engineer,Full-Time,Mid-Level,87425,Full-Remote,Large,Australia,Oceania
Data Engineer,Full-Time,Senior-Level,115000,Full-Remote,Medium,United States of America,North America
Data Scientist,Full-Time,Entry-Level,86703,Hybrid,Medium,Australia,Oceania
Applied Machine Learning Scientist,Full-Time,Mid-Level,75000,Full-Remote,Large,United States of America,North America
Research Scientist,Full-Time,Mid-Level,64849,In-Person,Large,Austria,Europe
Research Scientist,Full-Time,Entry-Level,120000,Full-Remote,Large,United States of America,North America
Applied Data Scientist,Full-Time,Mid-Level,157000,Full-Remote,Large,United States of America,North America
Computer Vision Software Engineer,Full-Time,Entry-Level,150000,Full-Remote,Small,Australia,Oceania
Business Data Analyst,Full-Time,Mid-Level,70912,Hybrid,Large,Canada,North America
Data Engineer,Full-Time,Entry-Level,65000,Full-Remote,Small,United States of America,North America
Machine Learning Engineer,Full-Time,Senior-Level,71444,Full-Remote,Small,Ireland,Europe
Data Analytics Engineer,Full-Time,Entry-Level,20000,In-Person,Medium,Pakistan,Asia
Data Scientist,Full-Time,Mid-Level,48000,Full-Remote,Small,United States of America,North America
Data Science Manager,Full-Time,Senior-Level,152500,Full-Remote,Medium,United States of America,North America
Data Engineer,Full-Time,Mid-Level,68147,Full-Remote,Medium,France,Europe
Data Scientist,Full-Time,Mid-Level,122346,In-Person,Large,Switzerland,Europe
Applied Data Scientist,Full-Time,Senior-Level,380000,Full-Remote,Large,United States of America,North America
Data Scientist,Full-Time,Mid-Level,69336,Full-Remote,Medium,Canada,North America
Computer Vision Engineer,Full-Time,Entry-Level,10000,Full-Remote,Medium,Luxembourg,Europe
Data Analyst,Full-Time,Mid-Level,20000,Full-Remote,Small,Greece,Europe
Data Analytics Lead,Full-Time,Senior-Level,405000,Full-Remote,Large,United States of America,North America
Data Scientist,Full-Time,Mid-Level,135000,Full-Remote,Large,United States of America,North America
Applied Data Scientist,Full-Time,Senior-Level,177000,Full-Remote,Large,United States of America,North America
Data Scientist,Full-Time,Mid-Level,78000,Full-Remote,Medium,United States of America,North America
Data Analyst,Full-Time,Senior-Level,135000,Full-Remote,Medium,United States of America,North America
Data Analyst,Full-Time,Senior-Level,100000,Full-Remote,Medium,United States of America,North America
Data Analyst,Full-Time,Senior-Level,90320,Full-Remote,Medium,United States of America,North America
Data Analyst,Full-Time,Mid-Level,85000,In-Person,Medium,Canada,North America
Data Analyst,Full-Time,Mid-Level,75000,In-Person,Medium,Canada,North America
Machine Learning Engineer,Full-Time,Senior-Level,214000,Full-Remote,Medium,United States of America,North America
Machine Learning Engineer,Full-Time,Senior-Level,192600,Full-Remote,Medium,United States of America,North America
Data Architect,Full-Time,Senior-Level,266400,Full-Remote,Medium,United States of America,North America
Data Architect,Full-Time,Senior-Level,213120,Full-Remote,Medium,United States of America,North America
Data Analyst,Full-Time,Senior-Level,112900,Full-Remote,Medium,United States of America,North America
Data Engineer,Full-Time,Senior-Level,155000,Full-Remote,Medium,United States of America,North America
Data Scientist,Full-Time,Mid-Level,141300,In-Person,Medium,United States of America,North America
Data Scientist,Full-Time,Mid-Level,102100,In-Person,Medium,United States of America,North America
Data Analyst,Full-Time,Senior-Level,115934,Full-Remote,Medium,United States of America,North America
Data Analyst,Full-Time,Senior-Level,81666,Full-Remote,Medium,United States of America,North America
Data Engineer,Full-Time,Mid-Level,206699,In-Person,Medium,United States of America,North America
Data Engineer,Full-Time,Mid-Level,99100,In-Person,Medium,United States of America,North America
Data Engineer,Full-Time,Senior-Level,130000,Full-Remote,Medium,United States of America,North America
Data Engineer,Full-Time,Senior-Level,115000,Full-Remote,Medium,United States of America,North America
Data Engineer,Full-Time,Senior-Level,110500,Full-Remote,Medium,United States of America,North America
Data Engineer,Full-Time,Senior-Level,130000,Full-Remote,Medium,United States of America,North America
Data Analyst,Full-Time,Senior-Level,99050,Full-Remote,Medium,United States of America,North America
Data Engineer,Full-Time,Senior-Level,160000,Full-Remote,Medium,United States of America,North America
Data Scientist,Full-Time,Senior-Level,205300,In-Person,Large,United States of America,North America
Data Scientist,Full-Time,Senior-Level,140400,In-Person,Large,United States of America,North America
Data Scientist,Full-Time,Senior-Level,176000,Full-Remote,Medium,United States of America,North America
Data Scientist,Full-Time,Senior-Level,144000,Full-Remote,Medium,United States of America,North America
Data Engineer,Full-Time,Senior-Level,200100,Full-Remote,Medium,United States of America,North America
Data Engineer,Full-Time,Senior-Level,160000,Full-Remote,Medium,United States of America,North America
Data Engineer,Full-Time,Senior-Level,145000,Full-Remote,Medium,United States of America,North America
Data Engineer,Full-Time,Senior-Level,70500,In-Person,Medium,United States of America,North America
Data Scientist,Full-Time,Senior-Level,205300,In-Person,Medium,United States of America,North America
Data Scientist,Full-Time,Senior-Level,140400,In-Person,Medium,United States of America,North America
Analytics Engineer,Full-Time,Senior-Level,205300,In-Person,Medium,United States of America,North America
Analytics Engineer,Full-Time,Senior-Level,184700,In-Person,Medium,United States of America,North America
Data Engineer,Full-Time,Senior-Level,175100,Full-Remote,Medium,United States of America,North America
Data Engineer,Full-Time,Senior-Level,140250,Full-Remote,Medium,United States of America,North America
Data Analyst,Full-Time,Senior-Level,116150,Full-Remote,Medium,United States of America,North America
Data Engineer,Full-Time,Senior-Level,54000,In-Person,Medium,United States of America,North America
Data Analyst,Full-Time,Senior-Level,170000,Full-Remote,Medium,United States of America,North America
Data Analyst,Full-Time,Mid-Level,65438,In-Person,Medium,United Kingdom,Europe
Data Analyst,Full-Time,Senior-Level,80000,Full-Remote,Medium,United States of America,North America
Data Scientist,Full-Time,Senior-Level,140000,Full-Remote,Medium,United States of America,North America
Data Scientist,Full-Time,Senior-Level,210000,Full-Remote,Medium,United States of America,North America
Data Scientist,Full-Time,Senior-Level,140000,Full-Remote,Medium,United States of America,North America
Data Analyst,Full-Time,Senior-Level,100000,Full-Remote,Medium,United States of America,North America
Data Analyst,Full-Time,Senior-Level,69000,Full-Remote,Medium,United States of America,North America
Data Scientist,Full-Time,Senior-Level,210000,Full-Remote,Medium,United States of America,North America
Data Scientist,Full-Time,Senior-Level,140000,Full-Remote,Medium,United States of America,North America
Data Scientist,Full-Time,Senior-Level,210000,Full-Remote,Medium,United States of America,North America
Data Analyst,Full-Time,Senior-Level,150075,Full-Remote,Medium,United States of America,North America
Data Engineer,Full-Time,Senior-Level,100000,Full-Remote,Medium,United States of America,North America
Data Engineer,Full-Time,Senior-Level,25000,Full-Remote,Medium,United States of America,North America
Data Analyst,Full-Time,Senior-Level,126500,Full-Remote,Medium,United States of America,North America
Data Analyst,Full-Time,Senior-Level,106260,Full-Remote,Medium,United States of America,North America
Data Engineer,Full-Time,Senior-Level,220110,Full-Remote,Medium,United States of America,North America
Data Engineer,Full-Time,Senior-Level,160080,Full-Remote,Medium,United States of America,North America
Data Analyst,Full-Time,Senior-Level,105000,Full-Remote,Medium,United States of America,North America
Data Analyst,Full-Time,Senior-Level,110925,Full-Remote,Medium,United States of America,North America
Data Analyst,Full-Time,Mid-Level,45807,In-Person,Medium,United Kingdom,Europe
Data Scientist,Full-Time,Senior-Level,140000,Full-Remote,Medium,United States of America,North America
Data Analyst,Full-Time,Senior-Level,99000,In-Person,Medium,United States of America,North America
Data Analyst,Full-Time,Senior-Level,60000,Full-Remote,Medium,United States of America,North America
Data Architect,Full-Time,Senior-Level,192564,Full-Remote,Medium,United States of America,North America
Data Architect,Full-Time,Senior-Level,144854,Full-Remote,Medium,United States of America,North America
Data Scientist,Full-Time,Senior-Level,230000,Full-Remote,Medium,United States of America,North America
Data Scientist,Full-Time,Senior-Level,150000,Full-Remote,Medium,United States of America,North America
Data Analytics Manager,Full-Time,Senior-Level,150260,Full-Remote,Medium,United States of America,North America
Data Analytics Manager,Full-Time,Senior-Level,109280,Full-Remote,Medium,United States of America,North America
Data Scientist,Full-Time,Senior-Level,210000,Full-Remote,Medium,United States of America,North America
Data Analyst,Full-Time,Senior-Level,170000,Full-Remote,Medium,United States of America,North America
Data Scientist,Full-Time,Mid-Level,160000,Full-Remote,Medium,United States of America,North America
Data Scientist,Full-Time,Mid-Level,130000,Full-Remote,Medium,United States of America,North America
Data Analyst,Full-Time,Entry-Level,67000,In-Person,Medium,Canada,North America
Data Analyst,Full-Time,Entry-Level,52000,In-Person,Medium,Canada,North America
Data Engineer,Full-Time,Senior-Level,154000,Full-Remote,Medium,United States of America,North America
Data Engineer,Full-Time,Senior-Level,126000,Full-Remote,Medium,United States of America,North America
Data Analyst,Full-Time,Senior-Level,129000,In-Person,Medium,United States of America,North America
Data Analyst,Full-Time,Senior-Level,150000,Full-Remote,Medium,United States of America,North America
AI Scientist,Full-Time,Mid-Level,200000,Full-Remote,Large,United States of America,North America
